topic,junctionType,form,run,exampleRun,tests,examplePrompt,options,correctOption,firesPerRun,askedAtFullSupport,askedAtLowSupport,rating,comment
bubble-sort,SWAP_DECISION,,"sort [5, 3, 1, 4, 2]","sort [5, 3, 1, 4, 2]","Whether an adjacent pair is out of order, and so whether it is swapped (the comparison rule).",The algorithm is comparing index 0 (value 5) and index 1 (value 3). What should happen next?,Leave them | Swap them,Swap them,4,1,4,,
bubble-sort,PASS_COMPLETE,,"sort [5, 3, 1, 4, 2]","sort [5, 3, 1, 4, 2]",What one completed pass guarantees: the largest remaining unsorted value is in its final place (the invariant).,This pass is now complete. What can we guarantee about the array?,Every element was compared exactly once | The entire array is now sorted | The largest remaining unsorted element is now in its correct position | The smallest element moved to the front,The largest remaining unsorted element is now in its correct position,3,3,3,,
bubble-sort,ALGORITHM_COMPLETE,,"sort [5, 3, 1, 4, 2]","sort [5, 3, 1, 4, 2]",What property proves the array is fully sorted: no adjacent pair is out of order.,Bubble Sort has finished. What proves the array is fully sorted?,Every element was compared at least once | Every element was visited the same number of times | No adjacent pair is out of order anywhere in the array | The total number of swaps equals the array length,No adjacent pair is out of order anywhere in the array,1,1,1,,
bubble-sort,COMPLEXITY_PREDICTION,,"sort [5, 3, 1, 4, 2]","sort [5, 3, 1, 4, 2]","Estimating how many comparisons the finished run made, relating the count to the growth rate.",This run sorted 5 elements. Roughly how many comparisons did it make?,10 comparisons | 12 comparisons | 25 comparisons | 4 comparisons,10 comparisons,1,1,1,,
bubble-sort,EARLY_TERMINATION,,"sort [2, 1, 3, 4, 5]","sort [2, 1, 3, 4, 5]",Why a pass with no swaps means the array is sorted and the algorithm can stop.,The algorithm stopped before completing all passes. Why?,Equal elements caused the loop to stop | No swaps were needed - the array was already in order | The algorithm completed the maximum number of passes | The first element reached its correct position,No swaps were needed - the array was already in order,1,1,1,,
binary-search,MIDPOINT_DECISION,,"search [1, 3, 5, 7, 9, 11, 15, 19] for 7","search [1, 3, 5, 7, 9, 11, 15, 19] for 8",Comparing the target with the middle value to choose which half can still contain it.,"The midpoint is index 3 (value 7), and the target is 8. What should happen next?",7 equals 8 - target found | 8 is larger - search the right half | 8 is smaller - search the left half,8 is larger - search the right half,1,0,1,,
binary-search,ALGORITHM_COMPLETE,found,"search [1, 3, 5, 7, 9, 11, 15, 19] for 7","search [1, 3, 5, 7, 9, 11, 15, 19] for 7",What confirms the target was located: an equality check at the index found.,Binary Search has finished. What confirms the target was correctly located?,Every element in the array was visited | The array became sorted during the search | The element at index 3 was confirmed equal to the target | The target was matched at more than one index,The element at index 3 was confirmed equal to the target,1,1,1,,
binary-search,COMPLEXITY_PREDICTION,,"search [1, 3, 5, 7, 9, 11, 15, 19] for 7","search [1, 3, 5, 7, 9, 11, 15, 19] for 7","Estimating how many comparisons the finished run made, relating the count to the growth rate.",This search ran on 8 sorted elements. How many comparisons with the target did it make?,1 comparison | 24 comparisons | 64 comparisons | 7 comparisons,1 comparison,1,1,1,,
binary-search,ALGORITHM_COMPLETE,not found,"search [1, 3, 5, 7, 9, 11, 15, 19] for 8","search [1, 3, 5, 7, 9, 11, 15, 19] for 8",What confirms the target is absent: the whole search range was eliminated.,Binary Search has finished without finding the target. What confirms the search correctly covered the whole space?,The array must be unsorted for the target to be missing | The entire valid search space was eliminated without a match | The range still had unchecked values when the search stopped | The target could still be found by starting over,The entire valid search space was eliminated without a match,1,1,1,,
bst,BST_DIRECTION,empty slot,"insert 8, 4, 12, 2, 6, 10, 14","insert 8, 4, 12, 2, 6, 10, 14",Where a new value attaches once an empty position is reached.,Reached an empty position. Where does 4 belong?,Attach as the left child of node 8 | Attach as the right child of node 8 | Compare it against node 8 again,Attach as the left child of node 8,7,1,7,,
bst,BST_DIRECTION,comparison,"insert 8, 4, 12, 2, 6, 10, 14","insert 8, 4, 12, 2, 6, 10, 14",Comparing a value with the current node to go left or right (equal values go right).,"At node 8: is 4 smaller, or greater than or equal to it? (Equal values go right in this tree.)",4 is greater than or equal to 8 - go right | 4 is less than 8 - go left | This position is empty - insert here,4 is less than 8 - go left,10,3,10,,
bst,ALGORITHM_COMPLETE,,"insert 8, 4, 12, 2, 6, 10, 14","insert 8, 4, 12, 2, 6, 10, 14","Which traversal lists any binary search tree in sorted order (in-order), from the ordering invariant.",The tree is built. Which traversal lists the values of any binary search tree in sorted order?,"In-order: left subtree, then the node, then the right subtree | Level-order: the root, then each level from left to right | Pre-order: the node first, then its left and right subtrees | Reading the values back in the order they were inserted","In-order: left subtree, then the node, then the right subtree",1,1,1,,
bst,COMPLEXITY_PREDICTION,,"insert 8, 4, 12, 2, 6, 10, 14","insert 8, 4, 12, 2, 6, 10, 14","Estimating how many comparisons the finished run made, relating the count to the growth rate.",Building this tree inserted 7 values. Roughly how many comparisons did the inserts make in total?,10 comparisons | 20 comparisons | 49 comparisons | 6 comparisons,10 comparisons,1,1,1,,
bst,BST_DIRECTION,removal,delete 4 from that tree,delete 4 from that tree,"How a node is removed without breaking the ordering: leaf, one child, or in-order successor.","Deleting 4, which has two children. How is it removed without breaking the tree's ordering?","Copy in its in-order successor (the smallest value in its right subtree), then remove that node | Delete it together with its right subtree | Remove it and reattach both subtrees to its parent | Replace it with its parent's value","Copy in its in-order successor (the smallest value in its right subtree), then remove that node",1,1,1,,
